collection_slot_utc,fetched_at_utc,fetched_at_local,source_time,station_code,station_name,latitude,longitude,elevation_m,data_available,observation_count,Air Temperature (1.2m) [C],Air Temperature (5cm) [C],Extreme Day Max. Temp. [C],Extreme Day Min. Temp. [C],Wind Speed (10m) [Knots],Wind Speed (2m) [Knots],Direct Solar Radiation [W/m2],Global Radiation [W/m2],Wind Direction (10m) [Deg.],Rec. Light Work Load [%],Rec. Medium Work Load [%],Rec. Heavy Work Load [%],Relative Humidity (1.2m) [%],Accumulated Rainfall (10 min.) [mm],Atmospheric Pressure (Station Level) [hPa],24HR Rain Total [mm],Wind Speed (10m) [m/s],Wind Speed (2m) [m/s],other_observations_json
2026-09-01T00:00:00+00:00,2026-09-01T00:09:47.161661+00:00,2026-09-01T00:09:47.161661+00:00,2026-09-01 03:00 (Local Time),POLYSTYPOS,,,,,1,8,21.3,,21.7,19.6,1.4,0.3,,,18.0,,,,45.0,0.0,,,0.720222,,
2026-09-01T05:00:00+00:00,2026-09-01T05:06:39.752591+00:00,2026-09-01T05:06:39.752591+00:00,2026-09-01 08:00 (Local Time),POLYSTYPOS,,,,,1,8,23.0,,23.1,19.6,4.5,1.8,,,356.0,,,,45.0,0.0,,,2.314998,,
2026-09-01T10:00:00+00:00,2026-09-01T10:00:04.426972+00:00,2026-09-01T10:00:04.426972+00:00,2026-09-01 12:50 (Local Time),POLYSTYPOS,,,,,1,8,27.8,,28.6,19.6,1.5,1.7,,,58.0,,,,35.0,0.0,,,0.771666,,
2026-09-01T14:40:00+00:00,2026-09-01T14:44:18.360093+00:00,2026-09-01T14:44:18.360093+00:00,2026-09-01 17:30 (Local Time),POLYSTYPOS,,,,,1,8,25.0,,28.6,19.6,1.3,0.3,,,341.0,,,,47.0,0.0,,,0.668777,,
2026-09-01T17:50:00+00:00,2026-09-01T17:59:08.587377+00:00,2026-09-01T17:59:08.587377+00:00,2026-09-01 20:50 (Local Time),POLYSTYPOS,,,,,1,8,21.8,,28.6,19.6,0.8,0.1,,,282.0,,,,57.0,0.0,,,0.411555,,
2026-09-01T20:50:00+00:00,2026-09-01T20:57:49.819184+00:00,2026-09-01T20:57:49.819184+00:00,2026-09-01 23:50 (Local Time),POLYSTYPOS,,,,,1,8,21.3,,21.8,20.8,2.0,0.3,,,343.0,,,,50.0,0.0,,,1.028888,,
2026-09-01T22:50:00+00:00,2026-09-01T22:59:20.646815+00:00,2026-09-01T22:59:20.646815+00:00,2026-09-02 01:50 (Local Time),POLYSTYPOS,,,,,1,8,22.3,,22.4,20.8,2.8,1.1,,,353.0,,,,46.0,0.0,,,1.440443,,
2026-09-02T00:50:00+00:00,2026-09-02T00:59:02.229081+00:00,2026-09-02T00:59:02.229081+00:00,2026-09-02 03:50 (Local Time),POLYSTYPOS,,,,,1,8,21.8,,23.0,20.8,3.5,1.5,,,354.0,,,,44.0,0.0,,,1.800554,,
2026-09-02T05:30:00+00:00,2026-09-02T05:39:43.544220+00:00,2026-09-02T05:39:43.544220+00:00,2026-09-02 08:30 (Local Time),POLYSTYPOS,,,,,1,8,25.8,,26.1,20.8,2.8,0.8,,,336.0,,,,36.0,0.0,,,1.440443,,
2026-09-02T09:50:00+00:00,2026-09-02T09:55:26.773998+00:00,2026-09-02T09:55:26.773998+00:00,2026-09-02 12:50 (Local Time),POLYSTYPOS,,,,,1,8,29.7,,30.3,20.8,1.6,1.6,,,41.0,,,,28.0,0.0,,,0.82311,,
2026-09-02T13:50:00+00:00,2026-09-02T13:57:56.283149+00:00,2026-09-02T13:57:56.283149+00:00,2026-09-02 16:50 (Local Time),POLYSTYPOS,,,,,1,8,26.6,,30.6,20.8,1.9,0.7,,,38.0,,,,46.0,0.0,,,0.977444,,
2026-09-02T17:50:00+00:00,2026-09-02T17:50:45.979036+00:00,2026-09-02T17:50:45.979036+00:00,2026-09-02 20:40 (Local Time),POLYSTYPOS,,,,,1,8,22.7,,30.6,20.8,1.1,0.1,,,329.0,,,,65.0,0.0,,,0.565888,,
2026-09-02T20:00:00+00:00,2026-09-02T20:09:15.329239+00:00,2026-09-02T20:09:15.329239+00:00,2026-09-02 23:00 (Local Time),POLYSTYPOS,,,,,1,8,22.7,,23.1,22.4,1.1,0.1,,,289.0,,,,49.0,0.0,,,0.565888,,
2026-09-02T22:30:00+00:00,2026-09-02T22:38:45.682970+00:00,2026-09-02T22:38:45.682970+00:00,2026-09-03 01:30 (Local Time),POLYSTYPOS,,,,,1,8,22.7,,23.4,22.4,1.0,0.1,,,280.0,,,,38.0,0.0,,,0.514444,,
2026-09-03T00:40:00+00:00,2026-09-03T00:41:04.689366+00:00,2026-09-03T00:41:04.689366+00:00,2026-09-03 03:30 (Local Time),POLYSTYPOS,,,,,1,8,22.2,,23.4,21.8,1.5,0.1,,,206.0,,,,52.0,0.0,,,0.771666,,
2026-09-03T05:00:00+00:00,2026-09-03T05:05:18.192986+00:00,2026-09-03T05:05:18.192986+00:00,2026-09-03 08:00 (Local Time),POLYSTYPOS,,,,,1,8,26.5,,27.2,21.6,0.0,0.5,,,314.0,,,,39.0,0.0,,,0.0,,
2026-09-03T09:30:00+00:00,2026-09-03T09:39:30.444970+00:00,2026-09-03T09:39:30.444970+00:00,2026-09-03 12:30 (Local Time),POLYSTYPOS,,,,,1,8,29.4,,30.2,21.6,2.2,1.3,,,167.0,,,,29.0,0.0,,,1.131777,,
2026-09-03T13:50:00+00:00,2026-09-03T13:53:05.760897+00:00,2026-09-03T13:53:05.760897+00:00,2026-09-03 16:40 (Local Time),POLYSTYPOS,,,,,1,8,26.5,,30.8,21.6,3.0,1.2,,,327.0,,,,44.0,0.0,,,1.543332,,
2026-09-03T17:10:00+00:00,2026-09-03T17:19:20.989738+00:00,2026-09-03T17:19:20.989738+00:00,2026-09-03 20:10 (Local Time),POLYSTYPOS,,,,,1,8,22.2,,30.8,21.6,0.6,0.1,,,276.0,,,,43.0,0.0,,,0.308666,,
2026-09-03T19:50:00+00:00,2026-09-03T19:57:59.047371+00:00,2026-09-03T19:57:59.047371+00:00,2026-09-03 22:50 (Local Time),POLYSTYPOS,,,,,1,8,22.6,,22.7,21.7,1.5,0.3,,,260.0,,,,36.0,0.0,,,0.771666,,
2026-09-03T22:20:00+00:00,2026-09-03T22:29:57.465558+00:00,2026-09-03T22:29:57.465558+00:00,2026-09-04 01:20 (Local Time),POLYSTYPOS,,,,,1,8,22.4,,22.9,21.7,1.6,0.3,,,223.0,,,,41.0,0.0,,,0.82311,,
2026-09-04T00:10:00+00:00,2026-09-04T00:18:56.580579+00:00,2026-09-04T00:18:56.580579+00:00,2026-09-04 03:10 (Local Time),POLYSTYPOS,,,,,1,8,21.5,,22.9,21.5,0.9,0.3,,,137.0,,,,55.0,0.0,,,0.463,,
2026-09-04T04:40:00+00:00,2026-09-04T04:45:45.717527+00:00,2026-09-04T04:45:45.717527+00:00,2026-09-04 07:40 (Local Time),POLYSTYPOS,,,,,1,8,24.7,,24.9,20.6,1.2,0.6,,,272.0,,,,29.0,0.0,,,0.617333,,
2026-09-04T09:00:00+00:00,2026-09-04T09:05:06.541164+00:00,2026-09-04T09:05:06.541164+00:00,2026-09-04 12:00 (Local Time),POLYSTYPOS,,,,,1,8,27.7,,29.9,20.6,2.3,1.1,,,42.0,,,,31.0,0.0,,,1.183221,,
2026-09-04T13:20:00+00:00,2026-09-04T13:26:14.774263+00:00,2026-09-04T13:26:14.774263+00:00,2026-09-04 16:20 (Local Time),POLYSTYPOS,,,,,1,8,26.7,,29.9,20.6,1.4,0.7,,,52.0,,,,34.0,0.0,,,0.720222,,
2026-09-04T16:50:00+00:00,2026-09-04T16:55:20.414199+00:00,2026-09-04T16:55:20.414199+00:00,2026-09-04 19:50 (Local Time),POLYSTYPOS,,,,,1,8,22.0,,29.9,20.6,1.2,0.1,,,282.0,,,,76.0,0.0,,,0.617333,,
2026-09-04T21:20:00+00:00,2026-09-04T21:28:37.350031+00:00,2026-09-04T21:28:37.350031+00:00,2026-09-05 00:20 (Local Time),POLYSTYPOS,,,,,1,8,22.6,,23.3,21.9,2.4,0.5,,,317.0,,,,29.0,0.0,,,1.234666,,
2026-09-04T23:10:00+00:00,2026-09-04T23:13:59.362901+00:00,2026-09-04T23:13:59.362901+00:00,2026-09-05 02:00 (Local Time),POLYSTYPOS,,,,,1,8,21.9,,23.3,21.7,2.0,0.2,,,294.0,,,,27.0,0.0,,,1.028888,,
2026-09-05T00:50:00+00:00,2026-09-05T00:58:36.798402+00:00,2026-09-05T00:58:36.798402+00:00,2026-09-05 03:50 (Local Time),POLYSTYPOS,,,,,1,8,22.6,,23.3,21.7,1.6,0.3,,,303.0,,,,25.0,0.0,,,0.82311,,
2026-09-05T05:30:00+00:00,2026-09-05T05:34:27.041536+00:00,2026-09-05T05:34:27.041536+00:00,2026-09-05 08:20 (Local Time),POLYSTYPOS,,,,,1,8,25.9,,26.0,21.4,2.9,1.3,,,232.0,,,,38.0,0.0,,,1.491888,,
2026-09-05T09:10:00+00:00,2026-09-05T09:17:45.504072+00:00,2026-09-05T09:17:45.504072+00:00,2026-09-05 12:10 (Local Time),POLYSTYPOS,,,,,1,8,28.7,,29.0,21.4,1.9,1.2,,,35.0,,,,41.0,0.0,,,0.977444,,
2026-09-05T12:40:00+00:00,2026-09-05T12:46:38.234247+00:00,2026-09-05T12:46:38.234247+00:00,2026-09-05 15:40 (Local Time),POLYSTYPOS,,,,,1,8,25.8,,29.0,20.5,1.7,0.6,,,209.0,,,,61.0,0.0,,,0.874555,,
2026-09-05T15:30:00+00:00,2026-09-05T15:36:48.906932+00:00,2026-09-05T15:36:48.906932+00:00,2026-09-05 18:30 (Local Time),POLYSTYPOS,,,,,1,8,22.9,,29.0,20.5,1.6,0.2,,,292.0,,,,62.0,0.0,,,0.82311,,
2026-09-05T17:30:00+00:00,2026-09-05T17:34:18.514718+00:00,2026-09-05T17:34:18.514718+00:00,2026-09-05 20:20 (Local Time),POLYSTYPOS,,,,,1,8,20.1,,29.0,19.9,0.0,0.1,,,318.0,,,,82.0,0.0,,,0.0,,
